{"mean":{"confidence_interval":{"confidence_level":0.95,"lower_bound":0.0024955754450201764,"upper_bound":0.003947336846352734},"point_estimate":0.0031924910285121566,"standard_error":0.00036952898855484615},"median":{"confidence_interval":{"confidence_level":0.95,"lower_bound":0.0023527003803716084,"upper_bound":0.0041862724171317645},"point_estimate":0.003641803055696391,"standard_error":0.0004834907233704171}}