{"mean":{"confidence_interval":{"confidence_level":0.95,"lower_bound":0.0006159133974971426,"upper_bound":0.00992839417857857},"point_estimate":0.004919236009701455,"standard_error":0.00244819157106785},"median":{"confidence_interval":{"confidence_level":0.95,"lower_bound":0.002920352791290437,"upper_bound":0.00585054666054452},"point_estimate":0.004978017694120762,"standard_error":0.0007474150903814374}}