{"mean":{"confidence_interval":{"confidence_level":0.95,"lower_bound":0.004255588486333522,"upper_bound":0.006282243699099244},"point_estimate":0.005224914629947008,"standard_error":0.0005161884128653878},"median":{"confidence_interval":{"confidence_level":0.95,"lower_bound":0.003806771738386283,"upper_bound":0.0064724138516627505},"point_estimate":0.004751044768600332,"standard_error":0.0006553391496718471}}