{"mean":{"confidence_interval":{"confidence_level":0.95,"lower_bound":0.009689920595906704,"upper_bound":0.012587855967207922},"point_estimate":0.011028023991907387,"standard_error":0.0007346764273545305},"median":{"confidence_interval":{"confidence_level":0.95,"lower_bound":0.00968887815897257,"upper_bound":0.011849244245901946},"point_estimate":0.010961677771965661,"standard_error":0.0005523912593592611}}