{"mean":{"confidence_interval":{"confidence_level":0.95,"lower_bound":0.0021164631939209646,"upper_bound":0.013319714661880975},"point_estimate":0.006391424062586859,"standard_error":0.0032411041212956765},"median":{"confidence_interval":{"confidence_level":0.95,"lower_bound":0.0014505511712694652,"upper_bound":0.004821267040116872},"point_estimate":0.0036312564940670367,"standard_error":0.0010182474728040272}}