{"mean":{"confidence_interval":{"confidence_level":0.95,"lower_bound":0.000683768247220679,"upper_bound":0.011507272552544044},"point_estimate":0.004855321024811898,"standard_error":0.002964168703448848},"median":{"confidence_interval":{"confidence_level":0.95,"lower_bound":0.0017114720009265838,"upper_bound":0.0036343279084498493},"point_estimate":0.00281580763783551,"standard_error":0.0005338984757566361}}